https://drmowinckels.io/blog/gamm-spaghetti-plots-in-r-with-ggplot,https://drmowinckels.io/blog/2018-03-07-gamm-spaghetti-plots-in-r-with-ggplot
https://drmowinckels.io/blog/gamm-random-effects,https://drmowinckels.io/blog/2018-04-05-gamm-random-effects
https://drmowinckels.io/blog/adding-external-images-to-plots,https://drmowinckels.io/blog/2018-05-02-adding-external-images-to-plots
https://drmowinckels.io/blog/circluar-plots-in-r-and-adding-images,https://drmowinckels.io/blog/2018-05-25-circluar-plots-in-r-and-adding-images
https://drmowinckels.io/blog/introducing-the-ggseg-r-package-for-brain-segmentations,https://drmowinckels.io/blog/2018-08-24-introducing-the-ggseg-r-package-for-brain-segmentations
https://drmowinckels.io/blog/get-the-brain-animated,https://drmowinckels.io/blog/2018-10-01-get-the-brain-animated
https://drmowinckels.io/blog/r-just-dive-into-it,https://drmowinckels.io/blog/2018-11-09-r-just-dive-into-it
https://drmowinckels.io/blog/christmas-tree-in-ggplot,https://drmowinckels.io/blog/2018-12-13-christmas-tree-in-ggplot
https://drmowinckels.io/blog/why-rstudio-conf-is-the-best-conference-experience-i-have-had,https://drmowinckels.io/blog/2019-01-19-why-rstudio-conf-is-the-best-conference-experience-i-have-had
https://drmowinckels.io/blog/building-tidy-tools-a-quick-recap-of-rstudio-conf-2019-workshop,https://drmowinckels.io/blog/2019-02-02-building-tidy-tools-a-quick-recap-of-rstudio-conf-2019-workshop
https://drmowinckels.io/blog/r-for-psychologists-part-ii,https://drmowinckels.io/blog/2019-07-17-r-for-psychologists-part-ii
https://drmowinckels.io/blog/plotting-gamm-interactions-with-ggplot2,https://drmowinckels.io/blog/2019-11-16-plotting-gamm-interactions-with-ggplot2
https://drmowinckels.io/blog/ggseg3d-creating-interactive-brain-segmentation-plots-with-plotly,https://drmowinckels.io/blog/2019-12-06-ggseg3d-creating-interactive-brain-segmentation-plots-with-plotly
https://drmowinckels.io/blog/do-you-wanna-build-a-snowman,https://drmowinckels.io/blog/2019-12-11-do-you-wanna-build-a-snowman
https://drmowinckels.io/blog/using-freesurfer-annotation-files-to-plot-in-r,https://drmowinckels.io/blog/2020-04-30-using-freesurfer-annotation-files-to-plot-in-r
https://drmowinckels.io/blog/changing-you-blogdown-workflow,https://drmowinckels.io/blog/2020-05-25-changing-you-blogdown-workflow
